pid,pattern,size,count,total,support
1,C,1,6,6,1
4,B,1,6,6,1
11,A C,2,5,6,0.8333333333
10,A,1,5,6,0.8333333333
16,D,1,4,6,0.6666666667
7,B C,2,4,6,0.6666666667
12,A B,2,3,6,0.5
8,B D,2,3,6,0.5
2,C B,2,3,6,0.5
19,D C,2,3,6,0.5
3,C C,2,2,6,0.3333333333
18,D B C,3,2,6,0.3333333333
13,A B C,3,2,6,0.3333333333
14,A D,2,2,6,0.3333333333
15,A D C,3,2,6,0.3333333333
9,B D C,3,2,6,0.3333333333
17,D B,2,2,6,0.3333333333
6,B A C,3,2,6,0.3333333333
5,B A,2,2,6,0.3333333333
