CategoryCode2,avgQuantity,avgAmount
11,2.049881235,933.3845545
12,1.949308756,939.1751152
13,2.072767365,997.292907
14,2.066728625,935.1894052
