data_set,msortf,xtsort
100_2,1.677,1.611
100_10,1.35175,2.078125
100_100,1.345375,1.287625
100_1000,1.315,1.29075
100_10000,1.331875,1.227
100_rand,1.8785,1.464875
100_rand_asc,1.253875,1.401125
100_rand_dec,1.21875,1.226125
