data_set,msortf,xtsort
100_100,1.450125,1.22025
200_100,3.863125,4.243
300_100,5.4955,5.4785
400_100,6.5805,7.271625
500_100,8.351375,9.408875
600_100,9.8685,11.019375
700_100,11.530625,16.746
800_100,17.12925,21.29075
900_100,21.764,26.680375
1000_100,34.10325,32.222
