data_set,msortf,xtsort
100_rand,1.52575,1.1755
200_rand,3.655875,3.492125
300_rand,4.915,5.687125
400_rand,7.229625,7.10325
500_rand,8.435875,8.617
600_rand,10.45025,11.217375
700_rand,12.89625,15.564375
800_rand,17.61225,21.183
900_rand,24.131375,24.820375
1000_rand,25.874875,29.4415
