data_set,msortf_n,xtsort_n
100_2,1.45075,2.407625
100_10,1.68725,3.112875
100_100,1.80825,2.9665
100_1000,1.97325,4.149625
100_10000,2.168125,4.1
100_rand,2.180625,3.92525
100_rand_asc,1.5,2.379875
100_rand_dec,1.611625,2.31675
