pid,pattern,size,count,total,support
0,C B,2,3,6,0.5
2,B C,2,3,6,0.5
3,B D,2,3,6,0.5
4,A C,2,3,6,0.5
5,A B,2,3,6,0.5
1,B A,2,2,6,0.3333333333
6,A D,2,2,6,0.3333333333
7,D B,2,2,6,0.3333333333
8,D B C,3,2,6,0.3333333333
9,D C,2,2,6,0.3333333333
